finger_pair_code,left_finger,right_finger,timing,judgment,accuracy,trial,run
1,1,2,-0.12,-1,1,0,0
1,1,2,0.03,1,1,1,0
1,1,2,0.07,1,1,2,0
1,1,2,-0.4,-1,1,3,0
1,1,2,0.4,1,1,4,0
1,1,2,0.12,1,1,5,0
1,1,2,0.25,1,1,6,0
1,1,2,-0.18,1,0,7,0
1,1,2,-0.07,-1,1,8,0
1,1,2,-0.03,-1,1,9,0
1,1,2,-0.25,-1,1,10,0
1,1,2,0.18,1,1,11,0
1,1,2,0.03,1,1,12,0
1,1,2,0.12,1,1,13,0
1,1,2,0.07,-1,0,14,0
1,1,2,-0.18,-1,1,15,0
1,1,2,-0.25,-1,1,16,0
1,1,2,-0.4,-1,1,17,0
1,1,2,0.4,1,1,18,0
1,1,2,0.25,1,1,19,0
1,1,2,0.18,1,1,20,0
1,1,2,-0.12,-1,1,21,0
1,1,2,-0.03,1,0,22,0
1,1,2,-0.07,1,0,23,0
1,1,2,0.03,1,1,24,0
1,1,2,0.25,1,1,25,0
1,1,2,-0.4,-1,1,26,0
1,1,2,0.07,1,1,27,0
1,1,2,-0.18,-1,1,28,0
1,1,2,-0.12,-1,1,29,0
1,1,2,0.4,1,1,30,0
1,1,2,-0.25,-1,1,31,0
1,1,2,0.18,1,1,32,0
1,1,2,0.12,1,1,33,0
1,1,2,-0.03,-1,1,34,0
1,1,2,-0.07,-1,1,35,0
1,1,2,0.03,1,1,36,0
1,1,2,-0.12,1,0,37,0
1,1,2,-0.03,1,0,38,0
1,1,2,-0.4,-1,1,39,0
1,1,2,-0.07,1,0,40,0
1,1,2,-0.18,-1,1,41,0
1,1,2,0.18,1,1,42,0
1,1,2,-0.25,-1,1,43,0
1,1,2,0.25,1,1,44,0
1,1,2,0.4,1,1,45,0
1,1,2,0.12,1,1,46,0
1,1,2,0.07,1,1,47,0
1,1,2,0.07,1,1,48,0
1,1,2,-0.07,-1,1,49,0
1,1,2,0.12,1,1,50,0
1,1,2,-0.4,-1,1,51,0
1,1,2,-0.18,-1,1,52,0
1,1,2,0.03,1,1,53,0
1,1,2,-0.03,-1,1,54,0
1,1,2,-0.12,-1,1,55,0
1,1,2,0.4,1,1,56,0
1,1,2,0.25,-1,0,57,0
1,1,2,-0.25,-1,1,58,0
1,1,2,0.18,1,1,59,0
1,1,2,-0.25,-1,1,60,0
1,1,2,0.12,-1,0,61,0
1,1,2,0.18,1,1,62,0
1,1,2,-0.4,-1,1,63,0
1,1,2,-0.03,-1,1,64,0
1,1,2,0.03,1,1,65,0
1,1,2,0.25,1,1,66,0
1,1,2,0.4,1,1,67,0
1,1,2,0.07,1,1,68,0
1,1,2,-0.18,-1,1,69,0
1,1,2,-0.07,-1,1,70,0
1,1,2,-0.12,-1,1,71,0
1,1,2,0.12,1,1,72,0
1,1,2,-0.4,-1,1,73,0
1,1,2,-0.07,1,0,74,0
1,1,2,-0.03,1,0,75,0
1,1,2,-0.18,-1,1,76,0
1,1,2,-0.25,-1,1,77,0
1,1,2,0.03,1,1,78,0
1,1,2,0.4,1,1,79,0
1,1,2,0.07,1,1,80,0
1,1,2,-0.12,1,0,81,0
1,1,2,0.25,1,1,82,0
1,1,2,0.18,1,1,83,0
1,1,2,-0.25,-1,1,84,0
1,1,2,0.25,1,1,85,0
1,1,2,-0.03,1,0,86,0
1,1,2,0.07,-1,0,87,0
1,1,2,-0.07,-1,1,88,0
1,1,2,0.18,1,1,89,0
1,1,2,-0.18,1,0,90,0
1,1,2,0.4,1,1,91,0
1,1,2,-0.4,-1,1,92,0
1,1,2,-0.12,-1,1,93,0
1,1,2,0.03,1,1,94,0
1,1,2,0.12,-1,0,95,0
1,1,2,0.12,1,1,96,0
1,1,2,-0.12,-1,1,97,0
1,1,2,-0.18,-1,1,98,0
1,1,2,-0.07,-1,1,99,0
1,1,2,0.4,1,1,100,0
1,1,2,0.07,1,1,101,0
1,1,2,0.03,1,1,102,0
1,1,2,-0.25,-1,1,103,0
1,1,2,0.18,1,1,104,0
1,1,2,-0.4,-1,1,105,0
1,1,2,-0.03,1,0,106,0
1,1,2,0.25,1,1,107,0
1,1,2,0.4,1,1,108,0
1,1,2,-0.03,1,0,109,0
1,1,2,-0.25,-1,1,110,0
1,1,2,0.03,1,1,111,0
1,1,2,0.18,1,1,112,0
1,1,2,0.12,1,1,113,0
1,1,2,-0.4,-1,1,114,0
1,1,2,0.07,1,1,115,0
1,1,2,-0.18,1,0,116,0
1,1,2,-0.12,1,0,117,0
1,1,2,0.25,-1,0,118,0
1,1,2,-0.07,1,0,119,0
0,0,1,-0.18,-1,1,120,1
0,0,1,0.12,1,1,121,1
0,0,1,0.03,-1,0,122,1
0,0,1,0.25,1,1,123,1
0,0,1,0.18,1,1,124,1
0,0,1,0.07,1,1,125,1
0,0,1,-0.03,-1,1,126,1
0,0,1,-0.4,-1,1,127,1
0,0,1,-0.25,-1,1,128,1
0,0,1,-0.07,1,0,129,1
0,0,1,0.4,1,1,130,1
0,0,1,-0.12,-1,1,131,1
0,0,1,-0.12,-1,1,132,1
0,0,1,0.12,1,1,133,1
0,0,1,-0.4,-1,1,134,1
0,0,1,0.25,1,1,135,1
0,0,1,0.03,1,1,136,1
0,0,1,0.4,1,1,137,1
0,0,1,-0.03,-1,1,138,1
0,0,1,-0.25,-1,1,139,1
0,0,1,0.18,1,1,140,1
0,0,1,-0.18,-1,1,141,1
0,0,1,-0.07,-1,1,142,1
0,0,1,0.07,-1,0,143,1
0,0,1,0.18,1,1,144,1
0,0,1,0.03,1,1,145,1
0,0,1,-0.07,-1,1,146,1
0,0,1,0.12,1,1,147,1
0,0,1,0.07,1,1,148,1
0,0,1,-0.18,1,0,149,1
0,0,1,-0.25,-1,1,150,1
0,0,1,0.4,1,1,151,1
0,0,1,-0.12,1,0,152,1
0,0,1,-0.03,-1,1,153,1
0,0,1,-0.4,-1,1,154,1
0,0,1,0.25,1,1,155,1
0,0,1,0.07,1,1,156,1
0,0,1,0.12,1,1,157,1
0,0,1,-0.07,-1,1,158,1
0,0,1,-0.25,-1,1,159,1
0,0,1,0.4,1,1,160,1
0,0,1,-0.03,-1,1,161,1
0,0,1,-0.4,-1,1,162,1
0,0,1,0.18,1,1,163,1
0,0,1,-0.12,-1,1,164,1
0,0,1,0.03,-1,0,165,1
0,0,1,-0.18,-1,1,166,1
0,0,1,0.25,1,1,167,1
0,0,1,-0.07,-1,1,168,1
0,0,1,-0.25,-1,1,169,1
0,0,1,0.07,1,1,170,1
0,0,1,0.4,1,1,171,1
0,0,1,0.03,1,1,172,1
0,0,1,0.18,1,1,173,1
0,0,1,-0.4,-1,1,174,1
0,0,1,-0.18,-1,1,175,1
0,0,1,0.12,1,1,176,1
0,0,1,0.25,1,1,177,1
0,0,1,-0.03,-1,1,178,1
0,0,1,-0.12,-1,1,179,1
0,0,1,0.03,-1,0,180,1
0,0,1,0.07,1,1,181,1
0,0,1,0.18,1,1,182,1
0,0,1,0.12,1,1,183,1
0,0,1,-0.25,-1,1,184,1
0,0,1,0.4,1,1,185,1
0,0,1,-0.07,-1,1,186,1
0,0,1,-0.4,-1,1,187,1
0,0,1,-0.03,-1,1,188,1
0,0,1,0.25,1,1,189,1
0,0,1,-0.12,-1,1,190,1
0,0,1,-0.18,-1,1,191,1
0,0,1,0.03,-1,0,192,1
0,0,1,0.25,1,1,193,1
0,0,1,0.4,1,1,194,1
0,0,1,-0.18,-1,1,195,1
0,0,1,0.12,1,1,196,1
0,0,1,-0.4,-1,1,197,1
0,0,1,-0.12,-1,1,198,1
0,0,1,0.07,1,1,199,1
0,0,1,0.18,1,1,200,1
0,0,1,-0.25,1,0,201,1
0,0,1,-0.03,-1,1,202,1
0,0,1,-0.07,-1,1,203,1
0,0,1,-0.18,-1,1,204,1
0,0,1,0.25,1,1,205,1
0,0,1,-0.25,1,0,206,1
0,0,1,-0.03,-1,1,207,1
0,0,1,0.18,1,1,208,1
0,0,1,0.07,1,1,209,1
0,0,1,0.4,1,1,210,1
0,0,1,-0.12,-1,1,211,1
0,0,1,0.03,1,1,212,1
0,0,1,-0.07,1,0,213,1
0,0,1,-0.4,-1,1,214,1
0,0,1,0.12,1,1,215,1
0,0,1,-0.03,1,0,216,1
0,0,1,-0.12,1,0,217,1
0,0,1,0.25,1,1,218,1
0,0,1,0.18,1,1,219,1
0,0,1,-0.18,1,0,220,1
0,0,1,0.12,1,1,221,1
0,0,1,-0.25,-1,1,222,1
0,0,1,-0.07,-1,1,223,1
0,0,1,0.03,-1,0,224,1
0,0,1,0.07,1,1,225,1
0,0,1,-0.4,-1,1,226,1
0,0,1,0.4,1,1,227,1
0,0,1,0.03,1,1,228,1
0,0,1,0.07,-1,0,229,1
0,0,1,-0.25,1,0,230,1
0,0,1,-0.4,-1,1,231,1
0,0,1,-0.12,-1,1,232,1
0,0,1,-0.18,-1,1,233,1
0,0,1,-0.03,-1,1,234,1
0,0,1,-0.07,-1,1,235,1
0,0,1,0.12,1,1,236,1
0,0,1,0.18,1,1,237,1
0,0,1,0.25,1,1,238,1
0,0,1,0.4,-1,0,239,1
2,2,3,0.12,1,1,240,2
2,2,3,-0.07,-1,1,241,2
2,2,3,0.25,1,1,242,2
2,2,3,-0.4,-1,1,243,2
2,2,3,0.03,1,1,244,2
2,2,3,0.18,1,1,245,2
2,2,3,0.07,1,1,246,2
2,2,3,-0.25,-1,1,247,2
2,2,3,-0.03,1,0,248,2
2,2,3,0.4,1,1,249,2
2,2,3,-0.18,-1,1,250,2
2,2,3,-0.12,-1,1,251,2
2,2,3,-0.25,1,0,252,2
2,2,3,0.18,1,1,253,2
2,2,3,-0.18,-1,1,254,2
2,2,3,-0.12,-1,1,255,2
2,2,3,-0.07,-1,1,256,2
2,2,3,0.25,1,1,257,2
2,2,3,-0.4,-1,1,258,2
2,2,3,0.12,1,1,259,2
2,2,3,-0.03,-1,1,260,2
2,2,3,0.4,1,1,261,2
2,2,3,0.03,1,1,262,2
2,2,3,0.07,1,1,263,2
2,2,3,-0.03,-1,1,264,2
2,2,3,0.07,1,1,265,2
2,2,3,-0.4,-1,1,266,2
2,2,3,-0.12,-1,1,267,2
2,2,3,0.12,1,1,268,2
2,2,3,-0.18,-1,1,269,2
2,2,3,-0.07,1,0,270,2
2,2,3,-0.25,1,0,271,2
2,2,3,0.4,1,1,272,2
2,2,3,0.25,1,1,273,2
2,2,3,0.03,1,1,274,2
2,2,3,0.18,1,1,275,2
2,2,3,0.18,1,1,276,2
2,2,3,0.4,1,1,277,2
2,2,3,0.25,1,1,278,2
2,2,3,-0.07,-1,1,279,2
2,2,3,-0.03,1,0,280,2
2,2,3,-0.25,-1,1,281,2
2,2,3,0.03,1,1,282,2
2,2,3,0.12,1,1,283,2
2,2,3,-0.12,-1,1,284,2
2,2,3,-0.4,-1,1,285,2
2,2,3,-0.18,-1,1,286,2
2,2,3,0.07,1,1,287,2
2,2,3,0.25,1,1,288,2
2,2,3,0.07,1,1,289,2
2,2,3,0.12,1,1,290,2
2,2,3,-0.12,-1,1,291,2
2,2,3,-0.18,-1,1,292,2
2,2,3,0.18,1,1,293,2
2,2,3,-0.4,-1,1,294,2
2,2,3,0.4,1,1,295,2
2,2,3,-0.25,-1,1,296,2
2,2,3,-0.07,-1,1,297,2
2,2,3,0.03,1,1,298,2
2,2,3,-0.03,-1,1,299,2
2,2,3,-0.25,-1,1,300,2
2,2,3,0.4,1,1,301,2
2,2,3,-0.4,-1,1,302,2
2,2,3,0.03,1,1,303,2
2,2,3,0.25,1,1,304,2
2,2,3,-0.18,-1,1,305,2
2,2,3,-0.03,1,0,306,2
2,2,3,0.18,1,1,307,2
2,2,3,0.07,1,1,308,2
2,2,3,-0.07,-1,1,309,2
2,2,3,-0.12,-1,1,310,2
2,2,3,0.12,1,1,311,2
2,2,3,-0.07,1,0,312,2
2,2,3,-0.4,-1,1,313,2
2,2,3,-0.12,-1,1,314,2
2,2,3,-0.03,-1,1,315,2
2,2,3,0.18,1,1,316,2
2,2,3,0.03,1,1,317,2
2,2,3,0.12,1,1,318,2
2,2,3,0.25,1,1,319,2
2,2,3,0.4,1,1,320,2
2,2,3,0.07,1,1,321,2
2,2,3,-0.25,-1,1,322,2
2,2,3,-0.18,-1,1,323,2
2,2,3,-0.03,-1,1,324,2
2,2,3,-0.12,-1,1,325,2
2,2,3,-0.18,-1,1,326,2
2,2,3,-0.25,-1,1,327,2
2,2,3,-0.07,-1,1,328,2
2,2,3,0.4,1,1,329,2
2,2,3,-0.4,-1,1,330,2
2,2,3,0.07,-1,0,331,2
2,2,3,0.18,1,1,332,2
2,2,3,0.25,1,1,333,2
2,2,3,0.03,1,1,334,2
2,2,3,0.12,1,1,335,2
2,2,3,-0.07,-1,1,336,2
2,2,3,0.25,1,1,337,2
2,2,3,-0.03,1,0,338,2
2,2,3,-0.25,-1,1,339,2
2,2,3,0.03,1,1,340,2
2,2,3,0.4,1,1,341,2
2,2,3,0.18,1,1,342,2
2,2,3,0.07,1,1,343,2
2,2,3,-0.4,-1,1,344,2
2,2,3,-0.12,-1,1,345,2
2,2,3,0.12,-1,0,346,2
2,2,3,-0.18,-1,1,347,2
2,2,3,-0.4,-1,1,348,2
2,2,3,0.4,1,1,349,2
2,2,3,-0.25,-1,1,350,2
2,2,3,0.03,1,1,351,2
2,2,3,0.18,-1,0,352,2
2,2,3,0.12,1,1,353,2
2,2,3,-0.03,-1,1,354,2
2,2,3,0.25,1,1,355,2
2,2,3,-0.18,-1,1,356,2
2,2,3,0.07,1,1,357,2
2,2,3,-0.07,1,0,358,2
2,2,3,-0.12,-1,1,359,2
0,0,1,-0.03,-1,1,360,3
0,0,1,0.18,1,1,361,3
0,0,1,-0.25,-1,1,362,3
0,0,1,0.25,1,1,363,3
0,0,1,0.4,1,1,364,3
0,0,1,0.07,1,1,365,3
0,0,1,-0.12,-1,1,366,3
0,0,1,0.03,1,1,367,3
0,0,1,-0.18,-1,1,368,3
0,0,1,0.12,1,1,369,3
0,0,1,-0.4,-1,1,370,3
0,0,1,-0.07,-1,1,371,3
0,0,1,-0.25,-1,1,372,3
0,0,1,0.07,1,1,373,3
0,0,1,0.4,1,1,374,3
0,0,1,0.25,1,1,375,3
0,0,1,-0.07,-1,1,376,3
0,0,1,-0.4,-1,1,377,3
0,0,1,0.18,1,1,378,3
0,0,1,-0.03,-1,1,379,3
0,0,1,-0.18,-1,1,380,3
0,0,1,0.03,1,1,381,3
0,0,1,0.12,1,1,382,3
0,0,1,-0.12,-1,1,383,3
0,0,1,-0.4,-1,1,384,3
0,0,1,0.25,1,1,385,3
0,0,1,-0.18,-1,1,386,3
0,0,1,-0.03,1,0,387,3
0,0,1,0.18,1,1,388,3
0,0,1,-0.25,1,0,389,3
0,0,1,-0.12,-1,1,390,3
0,0,1,0.4,1,1,391,3
0,0,1,-0.07,-1,1,392,3
0,0,1,0.03,1,1,393,3
0,0,1,0.12,-1,0,394,3
0,0,1,0.07,1,1,395,3
0,0,1,0.03,-1,0,396,3
0,0,1,0.07,1,1,397,3
0,0,1,-0.18,-1,1,398,3
0,0,1,-0.03,1,0,399,3
0,0,1,-0.12,-1,1,400,3
0,0,1,0.12,1,1,401,3
0,0,1,0.18,-1,0,402,3
0,0,1,0.4,1,1,403,3
0,0,1,-0.25,-1,1,404,3
0,0,1,0.25,1,1,405,3
0,0,1,-0.07,-1,1,406,3
0,0,1,-0.4,-1,1,407,3
0,0,1,0.12,1,1,408,3
0,0,1,-0.07,-1,1,409,3
0,0,1,-0.03,1,0,410,3
0,0,1,0.03,1,1,411,3
0,0,1,0.4,1,1,412,3
0,0,1,0.18,1,1,413,3
0,0,1,-0.25,-1,1,414,3
0,0,1,-0.18,-1,1,415,3
0,0,1,0.25,1,1,416,3
0,0,1,0.07,-1,0,417,3
0,0,1,-0.4,-1,1,418,3
0,0,1,-0.12,-1,1,419,3
0,0,1,-0.4,-1,1,420,3
0,0,1,0.4,1,1,421,3
0,0,1,0.03,-1,0,422,3
0,0,1,0.12,1,1,423,3
0,0,1,-0.12,1,0,424,3
0,0,1,-0.25,-1,1,425,3
0,0,1,0.07,1,1,426,3
0,0,1,-0.18,-1,1,427,3
0,0,1,-0.07,1,0,428,3
0,0,1,0.25,1,1,429,3
0,0,1,0.18,1,1,430,3
0,0,1,-0.03,1,0,431,3
0,0,1,-0.07,-1,1,432,3
0,0,1,0.12,1,1,433,3
0,0,1,-0.12,-1,1,434,3
0,0,1,-0.03,1,0,435,3
0,0,1,-0.4,-1,1,436,3
0,0,1,0.18,1,1,437,3
0,0,1,0.25,1,1,438,3
0,0,1,0.07,1,1,439,3
0,0,1,0.03,1,1,440,3
0,0,1,0.4,1,1,441,3
0,0,1,-0.25,-1,1,442,3
0,0,1,-0.18,-1,1,443,3
0,0,1,0.18,1,1,444,3
0,0,1,-0.25,-1,1,445,3
0,0,1,-0.18,1,0,446,3
0,0,1,-0.4,-1,1,447,3
0,0,1,0.07,1,1,448,3
0,0,1,0.12,-1,0,449,3
0,0,1,0.03,-1,0,450,3
0,0,1,-0.12,-1,1,451,3
0,0,1,-0.07,-1,1,452,3
0,0,1,-0.03,-1,1,453,3
0,0,1,0.25,1,1,454,3
0,0,1,0.4,1,1,455,3
0,0,1,0.4,1,1,456,3
0,0,1,-0.18,-1,1,457,3
0,0,1,-0.25,-1,1,458,3
0,0,1,0.12,1,1,459,3
0,0,1,-0.07,-1,1,460,3
0,0,1,-0.4,-1,1,461,3
0,0,1,-0.03,1,0,462,3
0,0,1,0.03,1,1,463,3
0,0,1,0.07,1,1,464,3
0,0,1,0.25,1,1,465,3
0,0,1,-0.12,-1,1,466,3
0,0,1,0.18,1,1,467,3
0,0,1,0.03,-1,0,468,3
0,0,1,-0.18,1,0,469,3
0,0,1,-0.12,-1,1,470,3
0,0,1,-0.07,-1,1,471,3
0,0,1,0.4,1,1,472,3
0,0,1,-0.03,-1,1,473,3
0,0,1,0.07,1,1,474,3
0,0,1,0.18,1,1,475,3
0,0,1,-0.25,-1,1,476,3
0,0,1,0.25,-1,0,477,3
0,0,1,-0.4,-1,1,478,3
0,0,1,0.12,1,1,479,3
1,1,2,-0.03,-1,1,480,4
1,1,2,0.03,-1,0,481,4
1,1,2,0.25,1,1,482,4
1,1,2,-0.25,-1,1,483,4
1,1,2,-0.07,-1,1,484,4
1,1,2,0.12,1,1,485,4
1,1,2,-0.12,1,0,486,4
1,1,2,0.4,1,1,487,4
1,1,2,-0.18,-1,1,488,4
1,1,2,0.18,1,1,489,4
1,1,2,-0.4,-1,1,490,4
1,1,2,0.07,1,1,491,4
1,1,2,0.07,1,1,492,4
1,1,2,-0.03,-1,1,493,4
1,1,2,0.03,-1,0,494,4
1,1,2,0.12,1,1,495,4
1,1,2,-0.4,-1,1,496,4
1,1,2,-0.25,-1,1,497,4
1,1,2,-0.18,-1,1,498,4
1,1,2,-0.12,-1,1,499,4
1,1,2,-0.07,-1,1,500,4
1,1,2,0.4,1,1,501,4
1,1,2,0.25,-1,0,502,4
1,1,2,0.18,-1,0,503,4
1,1,2,0.25,1,1,504,4
1,1,2,0.12,1,1,505,4
1,1,2,0.4,1,1,506,4
1,1,2,-0.03,-1,1,507,4
1,1,2,-0.4,-1,1,508,4
1,1,2,-0.07,1,0,509,4
1,1,2,-0.18,-1,1,510,4
1,1,2,0.18,1,1,511,4
1,1,2,0.03,1,1,512,4
1,1,2,-0.12,-1,1,513,4
1,1,2,0.07,1,1,514,4
1,1,2,-0.25,-1,1,515,4
1,1,2,-0.07,-1,1,516,4
1,1,2,-0.4,-1,1,517,4
1,1,2,0.07,1,1,518,4
1,1,2,0.12,1,1,519,4
1,1,2,0.4,1,1,520,4
1,1,2,-0.12,1,0,521,4
1,1,2,0.03,1,1,522,4
1,1,2,-0.18,1,0,523,4
1,1,2,-0.25,-1,1,524,4
1,1,2,0.25,1,1,525,4
1,1,2,0.18,1,1,526,4
1,1,2,-0.03,-1,1,527,4
1,1,2,-0.25,1,0,528,4
1,1,2,-0.18,1,0,529,4
1,1,2,0.25,-1,0,530,4
1,1,2,-0.12,1,0,531,4
1,1,2,0.03,1,1,532,4
1,1,2,-0.03,1,0,533,4
1,1,2,0.18,1,1,534,4
1,1,2,0.4,1,1,535,4
1,1,2,-0.4,1,0,536,4
1,1,2,0.12,-1,0,537,4
1,1,2,0.07,1,1,538,4
1,1,2,-0.07,-1,1,539,4
1,1,2,0.07,-1,0,540,4
1,1,2,-0.18,-1,1,541,4
1,1,2,-0.12,-1,1,542,4
1,1,2,-0.07,-1,1,543,4
1,1,2,0.03,1,1,544,4
1,1,2,0.4,1,1,545,4
1,1,2,0.25,-1,0,546,4
1,1,2,-0.25,-1,1,547,4
1,1,2,0.12,1,1,548,4
1,1,2,-0.4,-1,1,549,4
1,1,2,-0.03,-1,1,550,4
1,1,2,0.18,1,1,551,4
1,1,2,0.03,1,1,552,4
1,1,2,-0.4,-1,1,553,4
1,1,2,0.25,1,1,554,4
1,1,2,-0.03,-1,1,555,4
1,1,2,0.07,1,1,556,4
1,1,2,-0.18,-1,1,557,4
1,1,2,-0.25,-1,1,558,4
1,1,2,0.4,1,1,559,4
1,1,2,-0.07,-1,1,560,4
1,1,2,0.12,1,1,561,4
1,1,2,-0.12,-1,1,562,4
1,1,2,0.18,1,1,563,4
1,1,2,-0.12,-1,1,564,4
1,1,2,-0.03,-1,1,565,4
1,1,2,0.07,1,1,566,4
1,1,2,0.03,-1,0,567,4
1,1,2,0.25,1,1,568,4
1,1,2,-0.07,-1,1,569,4
1,1,2,-0.18,-1,1,570,4
1,1,2,-0.4,-1,1,571,4
1,1,2,0.4,1,1,572,4
1,1,2,0.18,1,1,573,4
1,1,2,0.12,1,1,574,4
1,1,2,-0.25,-1,1,575,4
1,1,2,-0.07,-1,1,576,4
1,1,2,-0.03,-1,1,577,4
1,1,2,0.12,1,1,578,4
1,1,2,0.03,1,1,579,4
1,1,2,0.25,1,1,580,4
1,1,2,0.4,1,1,581,4
1,1,2,-0.4,-1,1,582,4
1,1,2,-0.18,-1,1,583,4
1,1,2,-0.25,-1,1,584,4
1,1,2,-0.12,-1,1,585,4
1,1,2,0.07,1,1,586,4
1,1,2,0.18,1,1,587,4
1,1,2,0.03,1,1,588,4
1,1,2,-0.12,-1,1,589,4
1,1,2,-0.25,-1,1,590,4
1,1,2,0.18,1,1,591,4
1,1,2,0.07,1,1,592,4
1,1,2,0.4,1,1,593,4
1,1,2,-0.03,1,0,594,4
1,1,2,0.12,1,1,595,4
1,1,2,-0.18,-1,1,596,4
1,1,2,0.25,1,1,597,4
1,1,2,-0.4,-1,1,598,4
1,1,2,-0.07,1,0,599,4
2,2,3,-0.18,-1,1,600,5
2,2,3,0.07,1,1,601,5
2,2,3,-0.07,-1,1,602,5
2,2,3,0.4,1,1,603,5
2,2,3,-0.03,-1,1,604,5
2,2,3,0.18,1,1,605,5
2,2,3,0.25,1,1,606,5
2,2,3,-0.25,-1,1,607,5
2,2,3,-0.4,-1,1,608,5
2,2,3,0.12,1,1,609,5
2,2,3,0.03,1,1,610,5
2,2,3,-0.12,-1,1,611,5
2,2,3,-0.12,-1,1,612,5
2,2,3,-0.03,-1,1,613,5
2,2,3,0.12,1,1,614,5
2,2,3,-0.18,-1,1,615,5
2,2,3,0.03,-1,0,616,5
2,2,3,-0.07,1,0,617,5
2,2,3,-0.4,-1,1,618,5
2,2,3,-0.25,-1,1,619,5
2,2,3,0.4,-1,0,620,5
2,2,3,0.18,1,1,621,5
2,2,3,0.25,1,1,622,5
2,2,3,0.07,1,1,623,5
2,2,3,-0.25,-1,1,624,5
2,2,3,-0.07,-1,1,625,5
2,2,3,-0.18,-1,1,626,5
2,2,3,-0.12,-1,1,627,5
2,2,3,0.03,1,1,628,5
2,2,3,0.25,1,1,629,5
2,2,3,-0.03,-1,1,630,5
2,2,3,0.07,1,1,631,5
2,2,3,0.18,1,1,632,5
2,2,3,0.4,1,1,633,5
2,2,3,-0.4,-1,1,634,5
2,2,3,0.12,1,1,635,5
2,2,3,-0.4,-1,1,636,5
2,2,3,-0.03,-1,1,637,5
2,2,3,0.03,1,1,638,5
2,2,3,-0.12,1,0,639,5
2,2,3,0.25,1,1,640,5
2,2,3,-0.18,-1,1,641,5
2,2,3,0.12,1,1,642,5
2,2,3,0.4,1,1,643,5
2,2,3,-0.25,-1,1,644,5
2,2,3,0.18,1,1,645,5
2,2,3,0.07,1,1,646,5
2,2,3,-0.07,1,0,647,5
2,2,3,0.25,1,1,648,5
2,2,3,-0.18,-1,1,649,5
2,2,3,-0.03,-1,1,650,5
2,2,3,-0.07,-1,1,651,5
2,2,3,0.12,1,1,652,5
2,2,3,0.03,1,1,653,5
2,2,3,0.07,1,1,654,5
2,2,3,-0.25,-1,1,655,5
2,2,3,0.18,1,1,656,5
2,2,3,0.4,1,1,657,5
2,2,3,-0.4,-1,1,658,5
2,2,3,-0.12,-1,1,659,5
2,2,3,-0.07,-1,1,660,5
2,2,3,-0.4,-1,1,661,5
2,2,3,0.18,1,1,662,5
2,2,3,-0.25,-1,1,663,5
2,2,3,0.03,-1,0,664,5
2,2,3,0.07,1,1,665,5
2,2,3,-0.18,-1,1,666,5
2,2,3,0.4,1,1,667,5
2,2,3,0.12,1,1,668,5
2,2,3,-0.03,-1,1,669,5
2,2,3,-0.12,-1,1,670,5
2,2,3,0.25,-1,0,671,5
2,2,3,0.25,1,1,672,5
2,2,3,0.18,-1,0,673,5
2,2,3,0.07,1,1,674,5
2,2,3,-0.03,-1,1,675,5
2,2,3,-0.25,-1,1,676,5
2,2,3,0.03,1,1,677,5
2,2,3,-0.07,-1,1,678,5
2,2,3,-0.18,-1,1,679,5
2,2,3,0.12,-1,0,680,5
2,2,3,0.4,1,1,681,5
2,2,3,-0.4,-1,1,682,5
2,2,3,-0.12,1,0,683,5
2,2,3,0.03,1,1,684,5
2,2,3,-0.25,-1,1,685,5
2,2,3,0.4,1,1,686,5
2,2,3,-0.12,-1,1,687,5
2,2,3,-0.03,-1,1,688,5
2,2,3,-0.07,-1,1,689,5
2,2,3,0.12,1,1,690,5
2,2,3,0.25,1,1,691,5
2,2,3,-0.18,-1,1,692,5
2,2,3,0.07,1,1,693,5
2,2,3,0.18,1,1,694,5
2,2,3,-0.4,-1,1,695,5
2,2,3,-0.03,-1,1,696,5
2,2,3,-0.07,1,0,697,5
2,2,3,0.07,1,1,698,5
2,2,3,0.18,1,1,699,5
2,2,3,-0.18,-1,1,700,5
2,2,3,0.03,1,1,701,5
2,2,3,-0.25,-1,1,702,5
2,2,3,-0.4,-1,1,703,5
2,2,3,0.25,1,1,704,5
2,2,3,0.4,1,1,705,5
2,2,3,-0.12,1,0,706,5
2,2,3,0.12,1,1,707,5
2,2,3,-0.25,-1,1,708,5
2,2,3,-0.4,-1,1,709,5
2,2,3,0.18,1,1,710,5
2,2,3,0.4,1,1,711,5
2,2,3,0.25,1,1,712,5
2,2,3,0.12,1,1,713,5
2,2,3,-0.12,-1,1,714,5
2,2,3,-0.07,-1,1,715,5
2,2,3,0.07,1,1,716,5
2,2,3,-0.18,-1,1,717,5
2,2,3,-0.03,-1,1,718,5
2,2,3,0.03,1,1,719,5
0,0,1,-0.25,-1,1,720,6
0,0,1,-0.4,-1,1,721,6
0,0,1,0.03,1,1,722,6
0,0,1,-0.03,-1,1,723,6
0,0,1,0.25,1,1,724,6
0,0,1,0.18,1,1,725,6
0,0,1,0.4,1,1,726,6
0,0,1,-0.18,1,0,727,6
0,0,1,0.07,1,1,728,6
0,0,1,0.12,1,1,729,6
0,0,1,-0.12,1,0,730,6
0,0,1,-0.07,1,0,731,6
0,0,1,-0.18,-1,1,732,6
0,0,1,0.18,1,1,733,6
0,0,1,-0.03,1,0,734,6
0,0,1,0.12,1,1,735,6
0,0,1,-0.4,-1,1,736,6
0,0,1,0.03,1,1,737,6
0,0,1,0.25,1,1,738,6
0,0,1,-0.07,1,0,739,6
0,0,1,0.4,1,1,740,6
0,0,1,0.07,1,1,741,6
0,0,1,-0.25,-1,1,742,6
0,0,1,-0.12,-1,1,743,6
0,0,1,0.12,1,1,744,6
0,0,1,-0.25,-1,1,745,6
0,0,1,0.07,1,1,746,6
0,0,1,0.4,1,1,747,6
0,0,1,0.03,1,1,748,6
0,0,1,-0.03,-1,1,749,6
0,0,1,-0.12,-1,1,750,6
0,0,1,-0.18,-1,1,751,6
0,0,1,0.25,1,1,752,6
0,0,1,-0.4,-1,1,753,6
0,0,1,-0.07,-1,1,754,6
0,0,1,0.18,1,1,755,6
0,0,1,0.12,1,1,756,6
0,0,1,-0.03,-1,1,757,6
0,0,1,-0.25,-1,1,758,6
0,0,1,-0.4,-1,1,759,6
0,0,1,-0.18,-1,1,760,6
0,0,1,0.07,1,1,761,6
0,0,1,0.03,1,1,762,6
0,0,1,-0.07,-1,1,763,6
0,0,1,0.18,-1,0,764,6
0,0,1,0.4,1,1,765,6
0,0,1,-0.12,1,0,766,6
0,0,1,0.25,-1,0,767,6
0,0,1,0.25,1,1,768,6
0,0,1,0.12,1,1,769,6
0,0,1,-0.12,-1,1,770,6
0,0,1,-0.25,-1,1,771,6
0,0,1,0.07,-1,0,772,6
0,0,1,-0.4,-1,1,773,6
0,0,1,0.03,1,1,774,6
0,0,1,0.4,1,1,775,6
0,0,1,-0.07,1,0,776,6
0,0,1,-0.18,-1,1,777,6
0,0,1,0.18,1,1,778,6
0,0,1,-0.03,-1,1,779,6
0,0,1,0.25,1,1,780,6
0,0,1,0.18,1,1,781,6
0,0,1,-0.18,-1,1,782,6
0,0,1,-0.07,-1,1,783,6
0,0,1,0.12,-1,0,784,6
0,0,1,-0.25,-1,1,785,6
0,0,1,-0.12,-1,1,786,6
0,0,1,0.03,1,1,787,6
0,0,1,-0.4,-1,1,788,6
0,0,1,-0.03,-1,1,789,6
0,0,1,0.07,-1,0,790,6
0,0,1,0.4,1,1,791,6
0,0,1,0.18,1,1,792,6
0,0,1,-0.03,-1,1,793,6
0,0,1,-0.07,-1,1,794,6
0,0,1,0.4,1,1,795,6
0,0,1,-0.12,1,0,796,6
0,0,1,-0.4,-1,1,797,6
0,0,1,-0.25,-1,1,798,6
0,0,1,-0.18,-1,1,799,6
0,0,1,0.03,-1,0,800,6
0,0,1,0.12,1,1,801,6
0,0,1,0.25,-1,0,802,6
0,0,1,0.07,1,1,803,6
0,0,1,0.07,1,1,804,6
0,0,1,-0.07,-1,1,805,6
0,0,1,-0.03,-1,1,806,6
0,0,1,0.03,-1,0,807,6
0,0,1,0.12,1,1,808,6
0,0,1,0.4,1,1,809,6
0,0,1,-0.25,-1,1,810,6
0,0,1,-0.4,-1,1,811,6
0,0,1,0.25,1,1,812,6
0,0,1,-0.12,-1,1,813,6
0,0,1,0.18,1,1,814,6
0,0,1,-0.18,-1,1,815,6
0,0,1,0.03,1,1,816,6
0,0,1,0.12,1,1,817,6
0,0,1,0.18,1,1,818,6
0,0,1,-0.25,-1,1,819,6
0,0,1,-0.07,-1,1,820,6
0,0,1,0.07,1,1,821,6
0,0,1,-0.03,-1,1,822,6
0,0,1,-0.18,-1,1,823,6
0,0,1,-0.12,-1,1,824,6
0,0,1,-0.4,-1,1,825,6
0,0,1,0.25,1,1,826,6
0,0,1,0.4,1,1,827,6
0,0,1,-0.18,-1,1,828,6
0,0,1,-0.12,-1,1,829,6
0,0,1,0.18,1,1,830,6
0,0,1,0.12,1,1,831,6
0,0,1,-0.07,-1,1,832,6
0,0,1,-0.03,-1,1,833,6
0,0,1,0.03,-1,0,834,6
0,0,1,0.25,1,1,835,6
0,0,1,0.4,-1,0,836,6
0,0,1,-0.4,-1,1,837,6
0,0,1,0.07,-1,0,838,6
0,0,1,-0.25,-1,1,839,6
1,1,2,-0.18,-1,1,840,7
1,1,2,-0.25,-1,1,841,7
1,1,2,-0.07,-1,1,842,7
1,1,2,0.25,1,1,843,7
1,1,2,0.07,1,1,844,7
1,1,2,0.03,1,1,845,7
1,1,2,0.12,-1,0,846,7
1,1,2,-0.12,-1,1,847,7
1,1,2,0.4,1,1,848,7
1,1,2,-0.03,-1,1,849,7
1,1,2,-0.4,-1,1,850,7
1,1,2,0.18,-1,0,851,7
1,1,2,0.03,-1,0,852,7
1,1,2,-0.25,-1,1,853,7
1,1,2,0.07,1,1,854,7
1,1,2,-0.18,-1,1,855,7
1,1,2,0.4,1,1,856,7
1,1,2,-0.12,-1,1,857,7
1,1,2,-0.07,1,0,858,7
1,1,2,0.12,1,1,859,7
1,1,2,-0.4,-1,1,860,7
1,1,2,0.25,1,1,861,7
1,1,2,-0.03,-1,1,862,7
1,1,2,0.18,1,1,863,7
1,1,2,-0.4,-1,1,864,7
1,1,2,-0.12,-1,1,865,7
1,1,2,0.4,1,1,866,7
1,1,2,0.25,-1,0,867,7
1,1,2,0.03,1,1,868,7
1,1,2,-0.25,-1,1,869,7
1,1,2,-0.18,-1,1,870,7
1,1,2,0.12,1,1,871,7
1,1,2,0.07,-1,0,872,7
1,1,2,-0.07,1,0,873,7
1,1,2,0.18,1,1,874,7
1,1,2,-0.03,-1,1,875,7
1,1,2,0.4,1,1,876,7
1,1,2,-0.25,-1,1,877,7
1,1,2,0.07,-1,0,878,7
1,1,2,-0.18,-1,1,879,7
1,1,2,-0.12,-1,1,880,7
1,1,2,0.18,1,1,881,7
1,1,2,-0.03,-1,1,882,7
1,1,2,0.25,1,1,883,7
1,1,2,0.12,-1,0,884,7
1,1,2,-0.07,1,0,885,7
1,1,2,-0.4,-1,1,886,7
1,1,2,0.03,1,1,887,7
1,1,2,-0.18,1,0,888,7
1,1,2,0.12,1,1,889,7
1,1,2,0.4,1,1,890,7
1,1,2,-0.25,-1,1,891,7
1,1,2,-0.07,-1,1,892,7
1,1,2,-0.12,-1,1,893,7
1,1,2,-0.4,-1,1,894,7
1,1,2,0.03,1,1,895,7
1,1,2,0.07,-1,0,896,7
1,1,2,-0.03,1,0,897,7
1,1,2,0.18,1,1,898,7
1,1,2,0.25,1,1,899,7
1,1,2,-0.07,-1,1,900,7
1,1,2,-0.03,-1,1,901,7
1,1,2,0.03,1,1,902,7
1,1,2,-0.18,-1,1,903,7
1,1,2,0.12,1,1,904,7
1,1,2,-0.4,-1,1,905,7
1,1,2,0.25,1,1,906,7
1,1,2,-0.25,-1,1,907,7
1,1,2,0.07,1,1,908,7
1,1,2,0.18,1,1,909,7
1,1,2,0.4,1,1,910,7
1,1,2,-0.12,1,0,911,7
1,1,2,-0.4,-1,1,912,7
1,1,2,0.03,1,1,913,7
1,1,2,0.07,1,1,914,7
1,1,2,-0.12,-1,1,915,7
1,1,2,0.18,-1,0,916,7
1,1,2,-0.18,1,0,917,7
1,1,2,0.25,1,1,918,7
1,1,2,-0.07,1,0,919,7
1,1,2,-0.03,1,0,920,7
1,1,2,0.12,1,1,921,7
1,1,2,0.4,1,1,922,7
1,1,2,-0.25,-1,1,923,7
1,1,2,-0.03,-1,1,924,7
1,1,2,0.4,1,1,925,7
1,1,2,-0.25,-1,1,926,7
1,1,2,0.25,1,1,927,7
1,1,2,0.18,1,1,928,7
1,1,2,-0.07,-1,1,929,7
1,1,2,0.03,-1,0,930,7
1,1,2,-0.18,-1,1,931,7
1,1,2,-0.12,-1,1,932,7
1,1,2,0.07,1,1,933,7
1,1,2,0.12,1,1,934,7
1,1,2,-0.4,-1,1,935,7
1,1,2,-0.4,-1,1,936,7
1,1,2,-0.03,-1,1,937,7
1,1,2,0.25,1,1,938,7
1,1,2,-0.18,-1,1,939,7
1,1,2,0.4,-1,0,940,7
1,1,2,0.07,1,1,941,7
1,1,2,-0.12,-1,1,942,7
1,1,2,0.18,1,1,943,7
1,1,2,0.03,1,1,944,7
1,1,2,0.12,1,1,945,7
1,1,2,-0.07,-1,1,946,7
1,1,2,-0.25,-1,1,947,7
1,1,2,0.12,1,1,948,7
1,1,2,-0.18,-1,1,949,7
1,1,2,0.03,1,1,950,7
1,1,2,-0.12,-1,1,951,7
1,1,2,0.18,1,1,952,7
1,1,2,-0.4,-1,1,953,7
1,1,2,-0.07,1,0,954,7
1,1,2,0.07,1,1,955,7
1,1,2,0.4,-1,0,956,7
1,1,2,-0.03,-1,1,957,7
1,1,2,0.25,1,1,958,7
1,1,2,-0.25,-1,1,959,7
2,2,3,-0.07,1,0,960,8
2,2,3,-0.25,-1,1,961,8
2,2,3,0.12,1,1,962,8
2,2,3,-0.4,-1,1,963,8
2,2,3,0.03,1,1,964,8
2,2,3,0.25,1,1,965,8
2,2,3,0.07,1,1,966,8
2,2,3,0.18,1,1,967,8
2,2,3,-0.18,-1,1,968,8
2,2,3,0.4,-1,0,969,8
2,2,3,-0.12,1,0,970,8
2,2,3,-0.03,-1,1,971,8
2,2,3,0.07,1,1,972,8
2,2,3,-0.18,-1,1,973,8
2,2,3,0.18,1,1,974,8
2,2,3,0.12,1,1,975,8
2,2,3,0.03,1,1,976,8
2,2,3,-0.25,-1,1,977,8
2,2,3,-0.07,-1,1,978,8
2,2,3,0.4,1,1,979,8
2,2,3,-0.03,1,0,980,8
2,2,3,0.25,1,1,981,8
2,2,3,-0.12,-1,1,982,8
2,2,3,-0.4,-1,1,983,8
2,2,3,-0.03,-1,1,984,8
2,2,3,-0.4,-1,1,985,8
2,2,3,0.12,1,1,986,8
2,2,3,0.07,1,1,987,8
2,2,3,-0.18,-1,1,988,8
2,2,3,0.03,-1,0,989,8
2,2,3,-0.25,1,0,990,8
2,2,3,0.18,-1,0,991,8
2,2,3,-0.12,1,0,992,8
2,2,3,0.4,1,1,993,8
2,2,3,-0.07,-1,1,994,8
2,2,3,0.25,1,1,995,8
2,2,3,0.12,1,1,996,8
2,2,3,0.4,1,1,997,8
2,2,3,-0.12,-1,1,998,8
2,2,3,-0.4,-1,1,999,8
2,2,3,0.03,1,1,1000,8
2,2,3,0.25,1,1,1001,8
2,2,3,-0.07,1,0,1002,8
2,2,3,-0.03,1,0,1003,8
2,2,3,0.18,-1,0,1004,8
2,2,3,-0.25,1,0,1005,8
2,2,3,0.07,1,1,1006,8
2,2,3,-0.18,-1,1,1007,8
2,2,3,-0.25,-1,1,1008,8
2,2,3,-0.18,-1,1,1009,8
2,2,3,-0.07,1,0,1010,8
2,2,3,-0.03,1,0,1011,8
2,2,3,0.07,1,1,1012,8
2,2,3,0.03,1,1,1013,8
2,2,3,-0.12,-1,1,1014,8
2,2,3,0.18,1,1,1015,8
2,2,3,-0.4,-1,1,1016,8
2,2,3,0.4,1,1,1017,8
2,2,3,0.12,1,1,1018,8
2,2,3,0.25,-1,0,1019,8
2,2,3,-0.25,1,0,1020,8
2,2,3,0.18,1,1,1021,8
2,2,3,-0.07,1,0,1022,8
2,2,3,0.12,1,1,1023,8
2,2,3,-0.18,-1,1,1024,8
2,2,3,0.25,1,1,1025,8
2,2,3,-0.4,-1,1,1026,8
2,2,3,-0.03,1,0,1027,8
2,2,3,-0.12,-1,1,1028,8
2,2,3,0.07,1,1,1029,8
2,2,3,0.4,1,1,1030,8
2,2,3,0.03,1,1,1031,8
2,2,3,-0.12,-1,1,1032,8
2,2,3,0.07,1,1,1033,8
2,2,3,0.25,1,1,1034,8
2,2,3,0.18,1,1,1035,8
2,2,3,0.03,1,1,1036,8
2,2,3,-0.25,-1,1,1037,8
2,2,3,0.4,1,1,1038,8
2,2,3,-0.4,-1,1,1039,8
2,2,3,-0.18,-1,1,1040,8
2,2,3,-0.07,-1,1,1041,8
2,2,3,-0.03,-1,1,1042,8
2,2,3,0.12,1,1,1043,8
2,2,3,0.03,1,1,1044,8
2,2,3,-0.03,-1,1,1045,8
2,2,3,-0.18,-1,1,1046,8
2,2,3,0.07,1,1,1047,8
2,2,3,-0.4,-1,1,1048,8
2,2,3,-0.12,1,0,1049,8
2,2,3,-0.25,-1,1,1050,8
2,2,3,-0.07,-1,1,1051,8
2,2,3,0.25,1,1,1052,8
2,2,3,0.12,1,1,1053,8
2,2,3,0.4,-1,0,1054,8
2,2,3,0.18,1,1,1055,8
2,2,3,-0.07,1,0,1056,8
2,2,3,0.07,1,1,1057,8
2,2,3,0.12,1,1,1058,8
2,2,3,0.18,1,1,1059,8
2,2,3,-0.12,1,0,1060,8
2,2,3,-0.4,-1,1,1061,8
2,2,3,-0.25,-1,1,1062,8
2,2,3,0.4,1,1,1063,8
2,2,3,-0.18,-1,1,1064,8
2,2,3,0.25,1,1,1065,8
2,2,3,0.03,-1,0,1066,8
2,2,3,-0.03,-1,1,1067,8
2,2,3,-0.4,-1,1,1068,8
2,2,3,0.07,1,1,1069,8
2,2,3,-0.07,1,0,1070,8
2,2,3,0.03,1,1,1071,8
2,2,3,-0.03,1,0,1072,8
2,2,3,-0.12,-1,1,1073,8
2,2,3,0.18,-1,0,1074,8
2,2,3,-0.18,-1,1,1075,8
2,2,3,-0.25,-1,1,1076,8
2,2,3,0.4,1,1,1077,8
2,2,3,0.12,-1,0,1078,8
2,2,3,0.25,1,1,1079,8
